Date_Updated,Language,Player_Name,Song_Artist,Song_Title,Team_ID,Team_Name
2018-08-14,en,Nick Ahmed,TobyMac,I just need U.,ARI,Arizona Diamondbacks
2018-08-14,en,Alex Avila,The White Stripes,Icky Thump,ARI,Arizona Diamondbacks
2018-08-14,en,Brad Boxberger,Johnny Cash,God's Gonna Cut You Down,ARI,Arizona Diamondbacks
2018-08-14,en,Archie Bradley,Jay-Z,Public Service Announcement,ARI,Arizona Diamondbacks
2018-08-14,en,Clay Buchholz,Red Rider,Lunatic Fringe,ARI,Arizona Diamondbacks
2018-08-14,en,Clay Buchholz,Shinedown,Simple Man - Acoustic,ARI,Arizona Diamondbacks
2018-08-14,en,Andrew Chafin,Luke Bryan,That's My Kind Of Night,ARI,Arizona Diamondbacks
2018-08-14,en,Patrick Corbin,Matoma & Notorious BIG (feat. Ja Rule @ Ralph Tresvant),Old Thing Back,ARI,Arizona Diamondbacks
2018-08-14,en,Socrates Brito,Yandel,Como Antes,ARI,Arizona Diamondbacks
2018-08-14,en,Daniel Descalso,E-40,Tell me Where to Go,ARI,Arizona Diamondbacks
2018-08-14,en,Jake Diekman,Five Finger Death Punch,House of the Rising Sun,ARI,Arizona Diamondbacks
2018-08-14,en,Jarrod Dyson,Migos,Pipe It Up,ARI,Arizona Diamondbacks
2018-08-14,en,Jarrod Dyson,Kevin Gates,I Don't Get Tired (#IDGT) [feat. August Alsina],ARI,Arizona Diamondbacks
2018-08-14,en,Zack Godley,Bruno Mars,That's What I Like,ARI,Arizona Diamondbacks
2018-08-14,en,Paul Goldschmidt,Randy Houser,We Went,ARI,Arizona Diamondbacks
2018-08-14,en,Zack Greinke,Green Day,Holiday/Boulevard Of Broken Dreams,ARI,Arizona Diamondbacks
2018-08-14,ja,Yoshihisa Hirano,KREVA,中盤戦,ARI,Arizona Diamondbacks
2018-08-14,en,Jon Jay,Dj Uncle Al,Mix It Up,ARI,Arizona Diamondbacks
2018-08-14,en,Jon Jay,Pitbull,Born N Raised,ARI,Arizona Diamondbacks
2018-08-14,en,Jake Lamb,Kendrick Lamar,Big Shot (with Travis Scott),ARI,Arizona Diamondbacks
2018-08-14,en,Jake Lamb,Huncho Jack,Modern Slavery,ARI,Arizona Diamondbacks
2018-08-14,en,Deven Marrero,Jaden Smith ft. Nicky Jam,Icon Remix,ARI,Arizona Diamondbacks
2018-08-14,en,Ketel Marte,Liro Shaq,Guayabu,ARI,Arizona Diamondbacks
2018-08-14,en,Ketel Marte,Mozart La Para,Bye Bye,ARI,Arizona Diamondbacks
2018-08-14,en,Jeff Mathis,Chris Stapleton,Midnight Train To Memphis,ARI,Arizona Diamondbacks
2018-08-14,en,T.J. McFarland,Red Hot Chili Peppers,Can't Stop,ARI,Arizona Diamondbacks
2018-08-14,en,John Ryan Murphy,Blackstreet,No Diggity,ARI,Arizona Diamondbacks
2018-08-14,en,John Ryan Murphy,Drake,God's Plan,ARI,Arizona Diamondbacks
2018-08-14,en,Chris Owings,Thomas Rhett,Leave Right Now,ARI,Arizona Diamondbacks
2018-08-14,en,David Peralta,Bad Bunny,Chambea,ARI,Arizona Diamondbacks
2018-08-14,en,David Peralta,Showtek,Booyah,ARI,Arizona Diamondbacks
2018-08-14,en,A.J. Pollock,Gary Clark Jr.,Come Together,ARI,Arizona Diamondbacks
2018-08-14,en,Robbie Ray,Frank Sinatra,Fly Me To The Moon - Remastered,ARI,Arizona Diamondbacks
2018-08-14,en,Robbie Ray,NF,Grindin',ARI,Arizona Diamondbacks
2018-08-14,en,Braden Shipley,Future,Ain't No Time,ARI,Arizona Diamondbacks
2018-08-14,en,Steven Souza Jr.,KB,Not Today Satan,ARI,Arizona Diamondbacks
2018-08-14,en,Brad Ziegler,Skillet,I Want to Live,ARI,Arizona Diamondbacks
2018-08-14,en,Brad Ziegler,Daughtry,You Don't Belong,ARI,Arizona Diamondbacks
2018-08-14,en,Ozzie Albies,Ozuna,Bebé,ATL,Atlanta Braves
2018-08-14,en,Ozzie Albies,Drake,Portland,ATL,Atlanta Braves
2018-08-14,en,Johan Camargo,Maluma,Felices los 4,ATL,Atlanta Braves
2018-08-14,en,Shane Carle,Jimi Hendrix,Voodoo Child (Slight Return),ATL,Atlanta Braves
2018-08-14,en,Charlie Culberson,Drake,God's Plan,ATL,Atlanta Braves
2018-08-14,,Grant Dayton,,,ATL,Atlanta Braves
2018-08-14,en,Adam Duvall,Eric Church,Lotta Boot Left To Fill,ATL,Atlanta Braves
2018-08-14,en,Ryan Flaherty,Kid Ink,Money and the Power,ATL,Atlanta Braves
2018-08-14,en,Tyler Flowers,Kungs,This Girl (Kungs Vs. Cookin' On 3 Burners) - Kungs Vs. Cookin' On 3 Burners,ATL,Atlanta Braves
2018-08-14,en,Mike Foltynewicz,Rebelution,Sky Is the Limit,ATL,Atlanta Braves
2018-08-14,en,Mike Foltynewicz,Bankroll Fresh,Walked In,ATL,Atlanta Braves
2018-08-14,en,Freddie Freeman,Citizen Cope,Let The Drummer Kick,ATL,Atlanta Braves
2018-08-14,,Sam Freeman,,,ATL,Atlanta Braves
2018-08-14,en,Luiz Gohara,Future,I'm so Groovy,ATL,Atlanta Braves
2018-08-14,en,Ender Inciarte,Daddy Yankee,Dura,ATL,Atlanta Braves
2018-08-14,en,Jacob Lindgren,Gucci Mane,Back On Road,ATL,Atlanta Braves
2018-08-14,en,Nick Markakis,Bubba Sparxxx,Deliverance,ATL,Atlanta Braves
2018-08-14,en,Brandon McCarthy,The Black Keys,Lonely Boy,ATL,Atlanta Braves
2018-08-14,en,A.J. Minter,AC/DC,Thunderstruck,ATL,Atlanta Braves
2018-08-14,en,Peter Moylan,AC/DC,T.N.T.,ATL,Atlanta Braves
2018-08-14,,Sean Newcomb,,,ATL,Atlanta Braves
2018-08-14,en,Jose Ramirez,KONGOS,Come with Me Now,ATL,Atlanta Braves
2018-08-14,,Anibal Sanchez,,,ATL,Atlanta Braves
2018-08-14,en,Kurt Suzuki,Gregory Isaacs,Night Nurse,ATL,Atlanta Braves
2018-08-14,en,Dansby Swanson,Jeezy,The Recession (Intro) - Album Version (Edited),ATL,Atlanta Braves
2018-08-14,en,Julio Teheran,Joe Arroyo,El Centurión de la Noche,ATL,Atlanta Braves
2018-08-14,en,Arodys Vizcaino,Secreto,Yo Llegare,ATL,Atlanta Braves
2018-08-14,en,Daniel Winkler,Zach Williams,Song of Deliverance,ATL,Atlanta Braves
2018-08-14,en,Chase Whitley,Crowder,Lift Your Head Weary Sinner (Chains),ATL,Atlanta Braves
2018-08-14,en,Pedro Alvarez,The Notorious B.I.G.,Juicy,BAL,Baltimore Orioles
2018-08-14,en,Pedro Araujo,"Secreto ""El Famoso Biberon""",Mi Cumpleaño,BAL,Baltimore Orioles
2018-08-14,en,Tim Beckham,Moneybagg Yo,Struggle,BAL,Baltimore Orioles
2018-08-14,en,Richard Bleier,Nirvana,Breed,BAL,Baltimore Orioles
2018-08-14,en,Dylan Bundy,Colt Ford,Answer to No One (feat. JJ Lawhorn),BAL,Baltimore Orioles
2018-08-14,en,Andrew Cashner,Cross Canadian Ragweed,Boys From Oklahoma,BAL,Baltimore Orioles
2018-08-14,en,Miguel Castro,El Batallon,Aqui No Hay Miedo,BAL,Baltimore Orioles
2018-08-14,,Alex Cobb,,,BAL,Baltimore Orioles
2018-08-14,en,Chris Davis,Thousand Foot Krutch,Light Up the Sky,BAL,Baltimore Orioles
2018-08-14,en,Craig Gentry,Jimi Hendrix,All Along the Watchtower,BAL,Baltimore Orioles
2018-08-14,en,Mychal Givens,Fugees,Ready or Not,BAL,Baltimore Orioles
2018-08-14,en,Donnie Hart,Chevelle,The Red,BAL,Baltimore Orioles
2018-08-14,en,Hunter Harvey,Rick Derringer,Real American,BAL,Baltimore Orioles
2018-08-14,en,Austin Hays,Kendrick Lamar,DNA.,BAL,Baltimore Orioles
2018-08-14,en,Adam Jones,Migos,Walk It Talk It,BAL,Baltimore Orioles
2018-08-14,en,Caleb Joseph,TobyMac,I just need U.,BAL,Baltimore Orioles
2018-08-14,en,Trey Mancini,The Notorious B.I.G.,Mo Money Mo Problems (feat. Mase & Puff Daddy) - 2014 Remastered Version,BAL,Baltimore Orioles
2018-08-14,en,Colby Rasmus,Jimmy Hart,Wolfpac (nWo Wolfpac),BAL,Baltimore Orioles
2018-08-14,en,Joey Rickard,Dilated Peoples,"You Can't Hide, You Can't Run",BAL,Baltimore Orioles
2018-08-14,,Anthony Santander,,,BAL,Baltimore Orioles
2018-08-14,,Tanner Scott,,,BAL,Baltimore Orioles
2018-08-14,en,Chance Sisco,Cody Jinks,Loud and Heavy,BAL,Baltimore Orioles
2018-08-14,en,Chris Tillman,Brantley Gilbert,Kick It In The Sticks,BAL,Baltimore Orioles
2018-08-14,en,Mark Trumbo,Thrice,Black Honey,BAL,Baltimore Orioles
2018-08-14,en,Mike Wright Jr.,The Whispers,Rock Steady,BAL,Baltimore Orioles
2018-08-14,en,Jimmy Yacabonis,ZZ Top,La Grange,BAL,Baltimore Orioles
2018-08-14,,Gabriel Ynoa,,,BAL,Baltimore Orioles
2018-08-14,en,Matt Barnes,Eric Prydz,Every Day,BOS,Boston Red Sox
2018-08-14,en,Andrew Benintendi,LOCASH,I Love This Life,BOS,Boston Red Sox
2018-08-14,en,Mookie Betts,Ernest K.,I Love My City,BOS,Boston Red Sox
2018-08-14,en,Xander Bogaerts,DMX,X Gon' Give It To Ya,BOS,Boston Red Sox
2018-08-14,en,Xander Bogaerts,Migos,Walk It Talk It,BOS,Boston Red Sox
2018-08-14,en,Jackie Bradley Jr.,Michael Jackson,Unbreakable,BOS,Boston Red Sox
2018-08-14,,Ryan Brasier,,,BOS,Boston Red Sox
2018-08-14,en,Nathan Eovaldi,Gary Clark Jr.,Come Together,BOS,Boston Red Sox
2018-08-14,,Justin Haley,,,BOS,Boston Red Sox
2018-08-14,en,Heath Hembree,Migos,Narcos,BOS,Boston Red Sox
2018-08-14,en,Brock Holt,Cody Johnson,Dance Her Home,BOS,Boston Red Sox
2018-08-14,en,Brian Johnson,Tom Petty,I Won't Back Down,BOS,Boston Red Sox
2018-08-14,en,Joe Kelly,Dr. Dre,Forgot About Dre,BOS,Boston Red Sox
2018-08-14,en,Craig Kimbrel,Ted Nugent,Stranglehold,BOS,Boston Red Sox
2018-08-14,en,Sandy Leon,Redimi2,"Trapstorno (feat. Natan El Profeta, Rubinsky Rbk & Philipe)",BOS,Boston Red Sox
2018-08-14,en,Sandy Leon,Redimi2,Un Millón De Razones,BOS,Boston Red Sox
2018-08-14,en,J.D. Martinez,Rick Ross,Hustlin',BOS,Boston Red Sox
2018-08-14,en,Mitch Moreland,Chase Rice,Lions,BOS,Boston Red Sox
2018-08-14,en,Eduardo Nunez,Yandel,Como Antes,BOS,Boston Red Sox
2018-08-14,en,Steve Pearce,Imagine Dragons,Thunder,BOS,Boston Red Sox
2018-08-14,en,Rick Porcello,Audioslave,Shadow on the Sun,BOS,Boston Red Sox
2018-08-14,en,David Price,ODESZA,Bloom,BOS,Boston Red Sox
2018-08-14,en,Blake Swihart,Kendrick Lamar,Money Trees,BOS,Boston Red Sox
2018-08-14,en,Tyler Thornburg,Ini Kamoze,Here Comes The Hotstepper (Remix),BOS,Boston Red Sox
2018-08-14,en,Hector Velazquez,Residente,Guerra,BOS,Boston Red Sox
2018-08-14,en,Albert Almora Jr.,Chacal,MAS YUMA QUE LOS YUMA,CHC,Chicago Cubs
2018-08-14,en,Javier Baez,Bad Bunny,Chambea,CHC,Chicago Cubs
2018-08-14,en,Kris Bryant,Kris Kross,Warm It Up,CHC,Chicago Cubs
2018-08-14,en,Victor Caratini,J Balvin,Bonita,CHC,Chicago Cubs
2018-08-14,en,Tyler Chatwood,Calvin Harris,Rollin,CHC,Chicago Cubs
2018-08-14,en,Jesse Chavez,Clipse,Grindin',CHC,Chicago Cubs
2018-08-14,en,Steve Cishek,Zach Williams,Song of Deliverance,CHC,Chicago Cubs
2018-08-14,en,Willson Contreras,Daddy Yankee,Dura,CHC,Chicago Cubs
2018-08-14,en,Yu Darvish,Soulja Boy,Crank That (Soulja Boy),CHC,Chicago Cubs
2018-08-14,en,Brian Duensing,blink-182,Mutt,CHC,Chicago Cubs
2018-08-14,en,Carl Edwards Jr.,Offset,Ric Flair Drip (& Metro Boomin),CHC,Chicago Cubs
2018-08-14,en,Cole Hamels,Imagine Dragons,Believer,CHC,Chicago Cubs
2018-08-14,en,Ian Happ,Mase,Welcome Back,CHC,Chicago Cubs
2018-08-14,en,Kyle Hendricks,Aerosmith,Sweet Emotion,CHC,Chicago Cubs
2018-08-14,en,Jason Heyward,Kungs,This Girl (Kungs Vs. Cookin' On 3 Burners) - Kungs Vs. Cookin' On 3 Burners,CHC,Chicago Cubs
2018-08-14,en,Tommy La Stella,Matchbox Twenty,3AM,CHC,Chicago Cubs
2018-08-14,en,Jon Lester,Jason Aldean,I Use What I Got,CHC,Chicago Cubs
2018-08-14,en,Mike Montgomery,Lupe Fiasco,The Show Goes On,CHC,Chicago Cubs
2018-08-14,en,Brandon Morrow,Imagine Dragons,Whatever It Takes,CHC,Chicago Cubs
2018-08-14,en,Jose Quintana,Daddy Yankee,Somos De La Calle,CHC,Chicago Cubs
2018-08-14,en,Anthony Rizzo,Martin Solveig,Intoxicated - Radio Edit,CHC,Chicago Cubs
2018-08-14,en,Addison Russell,N.E.R.D,Lemon,CHC,Chicago Cubs
2018-08-14,en,Kyle Schwarber,Bone Thugs-N-Harmony,Thuggish Ruggish Bone,CHC,Chicago Cubs
2018-08-14,en,Shae Simmons,Led Zeppelin,Rock And Roll,CHC,Chicago Cubs
2018-08-14,en,Drew Smyly,Diddy,Bad Boy For Life,CHC,Chicago Cubs
2018-08-14,en,Pedro Strop,El Alfa,Raputin,CHC,Chicago Cubs
2018-08-14,en,Justin Wilson,Lil Wayne,"Sucker For Pain (with Wiz Khalifa, Imagine Dragons, Logic & Ty Dolla $ign feat. X Ambassadors)",CHC,Chicago Cubs
2018-08-14,en,Ben Zobrist,Julianna Zobrist,Bennie and the Jets,CHC,Chicago Cubs
2018-08-14,en,Homer Bailey,Sturgill Simpson,It Ain't All Flowers,CIN,Cincinnati Reds
2018-08-14,en,Tucker Barnhart,Led Zeppelin,Black Dog,CIN,Cincinnati Reds
2018-08-14,en,Tucker Barnhart (second at-bat),Led Zeppelin,Stairway To Heaven,CIN,Cincinnati Reds
2018-08-14,en,Alex Blandino,Kid Ink,Now It's Personal,CIN,Cincinnati Reds
2018-08-14,en,Austin Brice,Gojira,Silvera,CIN,Cincinnati Reds
2018-08-14,en,Luis Castillo,Ala Jaza,Mi Forma de Ser,CIN,Cincinnati Reds
2018-08-14,en,Rookie Davis,Drake feat Future,Scholarship,CIN,Cincinnati Reds
2018-08-14,,Anthony DeSclafani,,,CIN,Cincinnati Reds
2018-08-14,en,Phillip Ervin,Kevin Gates,Wish I Had It,CIN,Cincinnati Reds
2018-08-14,,Brandon Finnegan,,,CIN,Cincinnati Reds
2018-08-14,en,Amir Garrett,Drake,God's Plan,CIN,Cincinnati Reds
2018-08-14,en,Scooter Gennett,Marshmello,Silence,CIN,Cincinnati Reds
2018-08-14,en,Billy Hamilton (first at-bat),Migos,Walk it like I talk it,CIN,Cincinnati Reds
2018-08-14,en,Billy Hamilton (second at-bat),BlocBoy JB,Look Alive (feat. Drake),CIN,Cincinnati Reds
2018-08-14,en,Billy Hamilton (third at-bat),Migos,Gan Gang,CIN,Cincinnati Reds
2018-08-14,,David Hernandez,,,CIN,Cincinnati Reds
2018-08-14,,Jared Hughes,,,CIN,Cincinnati Reds
2018-08-14,en,Raisel Iglesias,Yomil el Dany,Yo le se,CIN,Cincinnati Reds
2018-08-14,en,Jose Lopez,Kid Ink,Now It's Personal,CIN,Cincinnati Reds
2018-08-14,en,Michael Lorenzen,- ,Amazing Grace,CIN,Cincinnati Reds
2018-08-14,en,Tyler Mahle,Imagine Dragons,Thunder,CIN,Cincinnati Reds
2018-08-14,en,Wandy Peralta (first at-bat),Daddy Yankee,Dura,CIN,Cincinnati Reds
2018-08-14,en,Wandy Peralta (second at-bat),Ala Jaza,Jalan We,CIN,Cincinnati Reds
2018-08-14,en,Jose Peraza,Ozuna,Síguelo Bailando,CIN,Cincinnati Reds
2018-08-14,,Cody Reed,,,CIN,Cincinnati Reds
2018-08-14,en,Sal Romano,Gucci Mane,I Get The Bag (feat. Migos),CIN,Cincinnati Reds
2018-08-14,en,Scott Schebler (first at-bat),The Doobie Brothers,Listen To The Music,CIN,Cincinnati Reds
2018-08-14,en,Scott Schebler (second at-bat),WALK THE MOON,One Foot,CIN,Cincinnati Reds
2018-08-14,,Kevin Shackelford,,,CIN,Cincinnati Reds
2018-08-14,en,Jackson Stephens,Florida Georgia Line,Anything Goes,CIN,Cincinnati Reds
2018-08-14,en,Robert Stephenson,Drake,Portland,CIN,Cincinnati Reds
2018-08-14,en,Eugenio Suarez,Natti Natasha,Criminal,CIN,Cincinnati Reds
2018-08-14,en,Preston Tucker,Thomas Rhett,Leave Right Now,CIN,Cincinnati Reds
2018-08-14,en,Joey Votto,The Isley Brothers,Work to Do,CIN,Cincinnati Reds
2018-08-14,en,Zack Weiss,Audioslave,Cochise,CIN,Cincinnati Reds
2018-08-14,en,Jesse Winker (first at-bat),The Weeknd,Often,CIN,Cincinnati Reds
2018-08-14,en,Jesse Winker (second at-bat),Outta Time,No Complaints,CIN,Cincinnati Reds
2018-08-14,en,Cody Allen,Eric Church,The Outsiders,CLE,Cleveland Indians
2018-08-14,,Greg Allen,,,CLE,Cleveland Indians
2018-08-14,en,Yonder Alonso,Jeezy,Everythang,CLE,Cleveland Indians
2018-08-14,en,Trevor Bauer,Amon Amarth,The Pursuit Of Vikings,CLE,Cleveland Indians
2018-08-14,en,Michael Brantley,Rich Homie Quan,Walk Thru (feat. Problem),CLE,Cleveland Indians
2018-08-14,en,Carlos Carrasco,Bryan Adams,Summer Of '69,CLE,Cleveland Indians
2018-08-14,en,Lonnie Chisenhall,Justin Timberlake,Hair Up,CLE,Cleveland Indians
2018-08-14,en,Mike Clevinger,POWERS,Sunshine - The Knocks Remix,CLE,Cleveland Indians
2018-08-14,en,Rajai Davis,Kirk Franklin,Jesus,CLE,Cleveland Indians
2018-08-14,en,Edwin Encarnacion,Dj Kass,Scooby Doo Pa Pa,CLE,Cleveland Indians
2018-08-14,en,Yan Gomes,Jay-Z,Brooklyn We Go Hard,CLE,Cleveland Indians
2018-08-14,en,Erik Gonzalez,"Secreto ""El Famoso Biberon""",Real Guerrero,CLE,Cleveland Indians
2018-08-14,en,Nick Goody,Rihanna,Desperado,CLE,Cleveland Indians
2018-08-14,en,Brandon Guyer,Lil Wayne,Right Above It,CLE,Cleveland Indians
2018-08-14,en,Jason Kipnis,Mystikal,Bouncin' Back (Bumpin' Me Against the Wall) - Extended Version,CLE,Cleveland Indians
2018-08-14,en,Corey Kluber,X Ambassadors,Jungle,CLE,Cleveland Indians
2018-08-14,en,Francisco Lindor,Ozuna,Balenciaga,CLE,Cleveland Indians
2018-08-14,en,Zach McAllister,Just Blaze and Baauer,Higher,CLE,Cleveland Indians
2018-08-14,,Ryan Merritt,,,CLE,Cleveland Indians
2018-08-14,en,Andrew Miller,Michael Jackson,Beat It - Single Version,CLE,Cleveland Indians
2018-08-14,en,Tyler Naquin,Def Leppard,Rocket,CLE,Cleveland Indians
2018-08-14,en,Tyler Olson,Gary Clark Jr.,Come Together,CLE,Cleveland Indians
2018-08-14,en,Dan Otero,Foo Fighters,Bridge Burning,CLE,Cleveland Indians
2018-08-14,en,Roberto Perez,J Balvin,Bonita,CLE,Cleveland Indians
2018-08-14,en,Jose Ramirez,El Alfa,Lo Que Yo Diga (Dema Ga Ge Gi Go Gu Remix),CLE,Cleveland Indians
2018-08-14,en,Danny Salazar,Metallica,Enter Sandman,CLE,Cleveland Indians
2018-08-14,en,Josh Tomlin,Uncle Lucius,Keep The Wolves Away,CLE,Cleveland Indians
2018-08-14,en,Gio Urshela,Building 429,Where I Belong,CLE,Cleveland Indians
2018-08-14,en,Bradley Zimmer,DJ Snake,The Half,CLE,Cleveland Indians
2018-08-14,en,Yency Almonte,Kanye West,Hey Mama,COL,Colorado Rockies
2018-08-14,en,Tyler Anderson,Chevelle,Take Out the Gunman,COL,Colorado Rockies
2018-08-14,en,Nolan Arenado,2 Chainz,4 AM,COL,Colorado Rockies
2018-08-14,en,Chad Bettis,Kwabs,Walk,COL,Colorado Rockies
2018-08-14,en,Charlie Blackmon,The Outfield,Your Love,COL,Colorado Rockies
2018-08-14,en,Daniel Castro,Los Mariachis Mexicanos,El Mariachi Loco,COL,Colorado Rockies
2018-08-14,en,Noel Cuevas,Ozuna,Vaina Loca,COL,Colorado Rockies
2018-08-14,en,David Dahl,Rae Sremmurd,CLOSE (feat. Travis Scott) - From SR3MM,COL,Colorado Rockies
2018-08-14,en,Wade Davis,Dr. Dre,Ackrite,COL,Colorado Rockies
2018-08-14,en,Ian Desmond,JAMES BROWN,I FEEL GOOD (TOMICO & RONNY HAMMOND TRAP REMIX),COL,Colorado Rockies
2018-08-14,en,Mike Dunn,The Silent Comedy,Bartholomew,COL,Colorado Rockies
2018-08-14,en,Kyle Freeland,Louis The Child,Shake Something (feat. Joey Purp),COL,Colorado Rockies
2018-08-14,en,Kyle Freeland,Machine Gun Kelly,Invincible,COL,Colorado Rockies
2018-08-14,en,Carlos Gonzalez,Yandel,No Pare,COL,Colorado Rockies
2018-08-14,en,Jon Gray,Johari,Wind,COL,Colorado Rockies
2018-08-14,en,Garrett Hampson,Rihanna,Desperado,COL,Colorado Rockies
2018-08-14,en,Jeff Hoffman,Switchfoot,Meant to Live,COL,Colorado Rockies
2018-08-14,en,Jeff Hoffman,Future,Outta Time,COL,Colorado Rockies
2018-08-14,en,Chris Iannetta,Drake,Nonstop,COL,Colorado Rockies
2018-08-14,en,DJ LeMahieu,WiDE AWAKE,Ready,COL,Colorado Rockies
2018-08-14,en,German Marquez,MC Fioti,Bum Bum Tam Tam - Jax Jones Remix,COL,Colorado Rockies
2018-08-14,en,Jake McGee,Imagine Dragons,Thunder,COL,Colorado Rockies
2018-08-14,en,Ryan McMahon,Post Malone,92 Explorer,COL,Colorado Rockies
2018-08-14,en,Harrison Musgrave,Zakk Wylde,Farewell Ballad,COL,Colorado Rockies
2018-08-14,en,Scott Oberg,Led Zeppelin,Kashmir,COL,Colorado Rockies
2018-08-14,en,Seunghwan Oh,The White Stripes,Seven Nation Army,COL,Colorado Rockies
2018-08-14,en,Adam Ottavino,Kid Cudi,Alive (nightmare),COL,Colorado Rockies
2018-08-14,en,Gerardo Parra,Fumaratto,Sax To Me,COL,Colorado Rockies
2018-08-14,en,Antonio Senzatela,Elvis Crespo,Pegaíto Suavecito,COL,Colorado Rockies
2018-08-14,en,Bryan Shaw,Fall Out Boy,My Songs Know What You Did In The Dark (Light Em Up),COL,Colorado Rockies
2018-08-14,en,Trevor Story,Future,Look Ahead,COL,Colorado Rockies
2018-08-14,en,Raimel Tapia,Lapiz Conciente,El Regreso,COL,Colorado Rockies
2018-08-14,en,Mike Tauchman,Chance the Rapper,No Problem (feat. Lil Wayne & 2 Chainz),COL,Colorado Rockies
2018-08-14,en,Pat Valaika,Imagine Dragons,Radioactive,COL,Colorado Rockies
2018-08-14,en,Tony Wolters,Florida Georgia Line,Cruise - Remix,COL,Colorado Rockies
2018-08-14,en,Tony Wolters,Phil Collins,In The Air Tonight - 2015 Remastered,COL,Colorado Rockies
2018-08-14,en,Matt Boyd,Creedence Clearwater Revival,Fortunate Son,DET,Detroit Tigers
2018-08-14,en,Miguel Cabrera,El Ferino,Viviencias de la Vida,DET,Detroit Tigers
2018-08-14,en,Miguel Cabrera,Musiko,Contigo,DET,Detroit Tigers
2018-08-14,en,Nick Castellanos,Alicia Keys,Fallin',DET,Detroit Tigers
2018-08-14,en,Jeimer Candelario,Barak,Todo Va Estar Bien,DET,Detroit Tigers
2018-08-14,en,Jeimer Candelario,Redimi2,Espíritu Santo (feat. Barak),DET,Detroit Tigers
2018-08-14,en,Buck Farmer,The Band Of Heathens,Hurricane,DET,Detroit Tigers
2018-08-14,en,Michael Fulmer,Skillet,Hero,DET,Detroit Tigers
2018-08-14,,Michael Gerber,,,DET,Detroit Tigers
2018-08-14,en,Niko Goodrum,Snoop Dogg,Drop It Like It's Hot - Radio Edit,DET,Detroit Tigers
2018-08-14,en,Niko Goodrum,Snoop Dogg,Beautiful,DET,Detroit Tigers
2018-08-14,en,Shane Greene,Eminem,Square Dance,DET,Detroit Tigers
2018-08-14,en,Grayson Greiner,Jimi Hendrix,All Along the Watchtower,DET,Detroit Tigers
2018-08-14,en,Blaine Hardy,Fort Minor,High Road (feat. John Legend),DET,Detroit Tigers
2018-08-14,en,John Hicks,Jason Aldean,Lights Come On,DET,Detroit Tigers
2018-08-14,en,Jose Iglesias,Gente De Zona,La Gozadera,DET,Detroit Tigers
2018-08-14,en,Jose Iglesias,Drake,God's Plan,DET,Detroit Tigers
2018-08-14,en,Joe Jimenez,Skrillex,Purple Lamborghini,DET,Detroit Tigers
2018-08-14,en,JaCoby Jones,Lil Wayne,Best Rapper Alive - Album Version (Edited),DET,Detroit Tigers
2018-08-14,en,Pete Kozma,Led Zeppelin,The Ocean,DET,Detroit Tigers
2018-08-14,en,Francisco Liriano,Tego Calderon,Sandungueoso,DET,Detroit Tigers
2018-08-14,en,Dixon Machado,Nicky Jam,X,DET,Detroit Tigers
2018-08-14,en,Mikie Mahtook,Miguel,Sky Walker - Niko The Kid Remix,DET,Detroit Tigers
2018-08-14,en,Victor Martinez,El Toro Mas Pitador,Miguelito Diaz,DET,Detroit Tigers
2018-08-14,en,James McCann,Martha Reeves & The Vandellas,Jimmy Mack,DET,Detroit Tigers
2018-08-14,en,Daniel Norris,Ben Harper,Bad Habits,DET,Detroit Tigers
2018-08-14,en,Victor Reyes,Mozart La Para,Levantate,DET,Detroit Tigers
2018-08-14,en,Ronny Rodriguez,EL FELINO,VERIFICADO,DET,Detroit Tigers
2018-08-14,en,Warwick Saupold,Logic,Wassup,DET,Detroit Tigers
2018-08-14,,Daniel Stumpf,,,DET,Detroit Tigers
2018-08-14,en,Drew Verhagen,ODESZA,Bloom,DET,Detroit Tigers
2018-08-14,en,Alex Wilson,Ray Wylie Hubbard,Snake Farm,DET,Detroit Tigers
2018-08-14,en,Jordan Zimmermann,Brantley Gilbert,Hell On Wheels,DET,Detroit Tigers
2018-08-14,en,Jose Altuve,Kygo,Firestone (feat. Conrad Sewell),HOU,Houston Astros
2018-08-14,en,Jose Altuve,Abraham Mateo,Loco Enamorado,HOU,Houston Astros
2018-08-14,en,Alex Bregman,A$AP Ferg,Plain Jane,HOU,Houston Astros
2018-08-14,en,Alex Bregman,Paul Wall,Feel This (feat. Stunna Bam),HOU,Houston Astros
2018-08-14,en,Gerrit Cole,The Rolling Stones,Gimme Shelter,HOU,Houston Astros
2018-08-14,en,Carlos Correa,N.E.R.D,Lemon - Drake Remix,HOU,Houston Astros
2018-08-14,en,J.D. Davis,David Lee Murphy,Everything's Gonna Be Alright,HOU,Houston Astros
2018-08-14,en,Chris Devenski,Ini Kamoze,Here Comes the Hotstepper - Heartical Mix,HOU,Houston Astros
2018-08-14,en,Derek Fisher,Rick Ross,All Birds (feat. French Montana),HOU,Houston Astros
2018-08-14,en,Evan Gattis,Richie Havens,Freedom,HOU,Houston Astros
2018-08-14,en,Ken Giles,Adrenaline Mob,King of the Ring,HOU,Houston Astros
2018-08-14,en,Marwin Gonzalez,Farruko,Chillax,HOU,Houston Astros
2018-08-14,en,Marwin Gonzalez,J Balvin,Bonita,HOU,Houston Astros
2018-08-14,en,Yuli Gurriel,J Balvin,Mi Gente,HOU,Houston Astros
2018-08-14,en,Will Harris,Johnny Cash,The Man Comes Around,HOU,Houston Astros
2018-08-14,en,Tony Kemp,Travis Scott,goosebumps,HOU,Houston Astros
2018-08-14,en,Dallas Keuchel,Rock Mafia,I Am (feat. Wyclef Jean),HOU,Houston Astros
2018-08-14,en,Jake Marisnick,Bruno Mars,That's What I Like,HOU,Houston Astros
2018-08-14,en,Brian McCann,Chris Stapleton,Broken Halos,HOU,Houston Astros
2018-08-14,en,Lance McCullers Jr.,Travis Scott,I Can Tell,HOU,Houston Astros
2018-08-14,en,Collin McHugh,Gary Clark Jr.,Come Together,HOU,Houston Astros
2018-08-14,en,Charlie Morton,Jason Isbell,Palmetto Rose,HOU,Houston Astros
2018-08-14,en,Brad Peacock,Eric Church,How 'Bout You,HOU,Houston Astros
2018-08-14,en,Josh Reddick,,Ric Flair Theme,HOU,Houston Astros
2018-08-14,en,AJ Reed,The Notorious B.I.G.,Big Poppa,HOU,Houston Astros
2018-08-14,en,Tony Sipp,Jeezy,Let's Get It / Sky's The Limit - Album Version (Edited),HOU,Houston Astros
2018-08-14,en,Joe Smith,Jason Aldean,My Kinda Party,HOU,Houston Astros
2018-08-14,en,George Springer,Travis Scott,BUTTERFLY EFFECT,HOU,Houston Astros
2018-08-14,en,Max Stassi,Fetty Wap,How We Do Things (feat. Monty),HOU,Houston Astros
2018-08-14,en,Justin Verlander,Eminem,'Till I Collapse,HOU,Houston Astros
2018-08-14,en,Tyler White,Red Hot Chili Peppers,Snow (Hey Oh),HOU,Houston Astros
2018-08-14,,Jose Alvarez,,,LAA,Los Angeles Angels of Anaheim
2018-08-14,en,Justin Anderson,SLIM THUG,THUG,LAA,Los Angeles Angels of Anaheim
2018-08-14,en,Jaime Barria,Santana,Maria Maria - Radio Mix,LAA,Los Angeles Angels of Anaheim
2018-08-14,en,Cam Bedrosian,Tool,Vicarious,LAA,Los Angeles Angels of Anaheim
2018-08-14,en,Parker Bridwell,Nevada,The Mack,LAA,Los Angeles Angels of Anaheim
2018-08-14,en,Kole Calhoun,Imagine Dragons,Whatever It Takes,LAA,Los Angeles Angels of Anaheim
2018-08-14,en,Kaleb Cowart,Nirvana,Lake Of Fire,LAA,Los Angeles Angels of Anaheim
2018-08-14,en,Zack Cozart,The Spencer Davis Group,Gimme Some Lovin',LAA,Los Angeles Angels of Anaheim
2018-08-14,en,Nolan Fontana,Chris Stapleton,Traveller,LAA,Los Angeles Angels of Anaheim
2018-08-14,en,Andrew Heaney,LOGIC,UNDER PRESSURE,LAA,Los Angeles Angels of Anaheim
2018-08-14,en,Michael Hermosillo,The Carters,NICE,LAA,Los Angeles Angels of Anaheim
2018-08-14,en,Jim Johnson,Foo Fighters,The Pretender,LAA,Los Angeles Angels of Anaheim
2018-08-14,en,Jefry Marte,Michelle Williams,Say Yes (ft. Beyoncé & Kelly Rowland),LAA,Los Angeles Angels of Anaheim
2018-08-14,en,Keynan Middleton,Lil Wayne,Fireman - Album Version (Edited),LAA,Los Angeles Angels of Anaheim
2018-08-14,en,Shohei Ohtani,Olly Murs,Wrapped Up,LAA,Los Angeles Angels of Anaheim
2018-08-14,en,Shohei Ohtani,Afrojack,Do Or Die - Afrojack vs. THIRTY SECONDS TO MARS Remix,LAA,Los Angeles Angels of Anaheim
2018-08-14,en,Blake Parker,Mac Miller,Programs,LAA,Los Angeles Angels of Anaheim
2018-08-14,,Felix Pena,,,LAA,Los Angeles Angels of Anaheim
2018-08-14,en,Albert Pujols,TobyMac,I just need U.,LAA,Los Angeles Angels of Anaheim
2018-08-14,en,Albert Pujols,Lecrae,Hammer Time,LAA,Los Angeles Angels of Anaheim
2018-08-14,en,JC Ramirez,J Balvin,Machika,LAA,Los Angeles Angels of Anaheim
2018-08-14,en,Noe Ramirez,Sublime,Live At E's,LAA,Los Angeles Angels of Anaheim
2018-08-14,en,Garrett Richards,Halsey,Alone (Calvin Harris Remix) (Feat. Stefflon Don),LAA,Los Angeles Angels of Anaheim
2018-08-14,en,Rene Rivera,Martin Solveig,Intoxicated - Arkadiian & Whiiite Remix,LAA,Los Angeles Angels of Anaheim
2018-08-14,en,Rene Rivera,Nicky Jam,X,LAA,Los Angeles Angels of Anaheim
2018-08-14,,Matt Shoemaker,,,LAA,Los Angeles Angels of Anaheim
2018-08-14,en,Andrelton Simmons,Ace Hood,Hustle Hard Remix,LAA,Los Angeles Angels of Anaheim
2018-08-14,en,Andrelton Simmons,N.O.R.E.,All Gold Everything,LAA,Los Angeles Angels of Anaheim
2018-08-14,en,Tyler Skaggs,2Pac,Hail Mary,LAA,Los Angeles Angels of Anaheim
2018-08-14,en,Nick Tropeano,Cardi B,Best Life (feat. Chance The Rapper),LAA,Los Angeles Angels of Anaheim
2018-08-14,en,Mike Trout,KANYE WEST,YIKES,LAA,Los Angeles Angels of Anaheim
2018-08-14,en,Justin Upton,Rich The Kid,No Question (feat. Future),LAA,Los Angeles Angels of Anaheim
2018-08-14,en,Justin Upton,Rich The Kid,Plug Walk,LAA,Los Angeles Angels of Anaheim
2018-08-14,en,Blake Wood,Rage Against The Machine,Bulls On Parade,LAA,Los Angeles Angels of Anaheim
2018-08-14,en,Chris Young,MIGOS FEAT. DRAKE,WALK IT TALK IT,LAA,Los Angeles Angels of Anaheim
2018-08-14,,Scott Alexander,,,LAD,Los Angeles Dodgers
2018-08-14,en,John Axford,Slipknot,The Heretic Anthem,LAD,Los Angeles Dodgers
2018-08-14,,Pedro Baez,,,LAD,Los Angeles Dodgers
2018-08-14,en,Austin Barnes,Post Malone,Big Lie,LAD,Los Angeles Dodgers
2018-08-14,en,Cody Bellinger,Kendrick Lamar,HUMBLE.,LAD,Los Angeles Dodgers
2018-08-14,,JT Chargois,,,LAD,Los Angeles Dodgers
2018-08-14,,Tony Cingrani,,,LAD,Los Angeles Dodgers
2018-08-14,en,Brian Dozier,Kip Moore,That's Alright With Me,LAD,Los Angeles Dodgers
2018-08-14,en,Kyle Farmer,Tim McGraw,Down On The Farm,LAD,Los Angeles Dodgers
2018-08-14,,Josh Fields,,,LAD,Los Angeles Dodgers
2018-08-14,,Yimi Garcia,,,LAD,Los Angeles Dodgers
2018-08-14,en,Yasmani Grandal,G-Eazy,Legend,LAD,Los Angeles Dodgers
2018-08-14,en,Enrique Hernandez,Nicky Jam,X,LAD,Los Angeles Dodgers
2018-08-14,en,Enrique Hernandez,Bad Bunny,Chambea,LAD,Los Angeles Dodgers
2018-08-14,en,Rich Hill,Pearl Jam,Even Flow,LAD,Los Angeles Dodgers
2018-08-14,en,Daniel Hudson,Breaking Benjamin,So Cold,LAD,Los Angeles Dodgers
2018-08-14,en,Kenley Jansen,2Pac,California Love - Original Version,LAD,Los Angeles Dodgers
2018-08-14,en,Matt Kemp,Kendrick Lamar,Big Shot (with Travis Scott),LAD,Los Angeles Dodgers
2018-08-14,en,Matt Kemp,"Offset, Metro Boomin",Ric Flair Drip,LAD,Los Angeles Dodgers
2018-08-14,en,Matt Kemp,2 Chainz,Sleep When U Die,LAD,Los Angeles Dodgers
2018-08-14,en,Clayton Kershaw (Pitching),fun.,We Are Young (feat. Janelle Monáe),LAD,Los Angeles Dodgers
2018-08-14,en,Clayton Kershaw (Batting),The Chainsmokers,Let You Go - Radio Edit,LAD,Los Angeles Dodgers
2018-08-14,,Tom Koehler,,,LAD,Los Angeles Dodgers
2018-08-14,en,Manny Machado,Trick Daddy,"Shut Up (feat. Duece Poppito, Trina, & Co)",LAD,Los Angeles Dodgers
2018-08-14,en,Kenta Maeda,Perfume,無限未来,LAD,Los Angeles Dodgers
2018-08-14,en,Kenta Maeda,R. Kelly,Ignition - Remix,LAD,Los Angeles Dodgers
2018-08-14,en,Joc Pederson,Imagine Dragons,Thunder,LAD,Los Angeles Dodgers
2018-08-14,en,Yasiel Puig,Chamuel,Wild Horse,LAD,Los Angeles Dodgers
2018-08-14,en,Yasiel Puig,Isabelle,Apoyate en mi,LAD,Los Angeles Dodgers
2018-08-14,en,Yasiel Puig,Jencarlos,Dure Dure,LAD,Los Angeles Dodgers
2018-08-14,en,Hyun-Jin Ryu,JED,KOREAN MONSTER,LAD,Los Angeles Dodgers
2018-08-14,en,Corey Seager,Chase Rice,U Turn,LAD,Los Angeles Dodgers
2018-08-14,en,Rob Segedin,Rebelution,Feeling Alright,LAD,Los Angeles Dodgers
2018-08-14,en,Rob Segedin,Beastie Boys,Brass Monkey,LAD,Los Angeles Dodgers
2018-08-14,en,Rob Segedin,Dr. Dre,Keep Their Heads Ringin',LAD,Los Angeles Dodgers
2018-08-14,,Brock Stewart,,,LAD,Los Angeles Dodgers
2018-08-14,,Ross Stripling,,,LAD,Los Angeles Dodgers
2018-08-14,en,Chris Taylor,Steve Earle,Copperhead Road,LAD,Los Angeles Dodgers
2018-08-14,en,Andrew Toles,Kendrick Lamar,XXX. FEAT. U2.,LAD,Los Angeles Dodgers
2018-08-14,en,Justin Turner,Ed Sheeran,Shape of You,LAD,Los Angeles Dodgers
2018-08-14,en,Julio Urias,Banda El Recodo,El Sinaloense,LAD,Los Angeles Dodgers
2018-08-14,en,Chase Utley,Led Zeppelin,Kashmir,LAD,Los Angeles Dodgers
2018-08-14,en,Alex Verdugo,"Farruko, Bad Bunny, Rvssian",Krippy Kush,LAD,Los Angeles Dodgers
2018-08-14,en,Alex Wood,Red Hot Chili Peppers,Can't Stop,LAD,Los Angeles Dodgers
2018-08-14,en,Brian Anderson,Twenty One Pilots,Heathens,MIA,Miami Marlins
2018-08-14,en,Kyle Barraclough,Rihanna,Diamonds - Remix,MIA,Miami Marlins
2018-08-14,en,Justin Bour,Them,Here Comes the Night,MIA,Miami Marlins
2018-08-14,en,Justin Bour,Marshmello,Silence,MIA,Miami Marlins
2018-08-14,en,Lewis Brinson,JAY-Z,PSA,MIA,Miami Marlins
2018-08-14,en,Lewis Brinson,RJMrLA,You Ready,MIA,Miami Marlins
2018-08-14,en,Lewis Brinson,Migos,White Sand,MIA,Miami Marlins
2018-08-14,,Starlin Castro,,,MIA,Miami Marlins
2018-08-14,,Wei-Yin Chen,,,MIA,Miami Marlins
2018-08-14,en,Garrett Cooper,Huncho Jack,Saint,MIA,Miami Marlins
2018-08-14,en,Odrisamer Despaigne,Yoruba Andabo,Ponte pa lo tuyo,MIA,Miami Marlins
2018-08-14,en,Derek Dietrich,Phil Collins,In The Air Tonight,MIA,Miami Marlins
2018-08-14,,Tayron Guerrero,,,MIA,Miami Marlins
2018-08-14,,Elieser Hernandez,,,MIA,Miami Marlins
2018-08-14,en,Bryan Holaday,Chingy,Holidae In,MIA,Miami Marlins
2018-08-14,,Braxton Lee,,,MIA,Miami Marlins
2018-08-14,en,Chris O'Grady,Ram Jam,Black Betty,MIA,Miami Marlins
2018-08-14,en,Chris O'Grady,Eric Church,Creepin',MIA,Miami Marlins
2018-08-14,,Dillon Peters,,,MIA,Miami Marlins
2018-08-14,,Martin Prado,,,MIA,Miami Marlins
2018-08-14,,J.T. Realmuto,,,MIA,Miami Marlins
2018-08-14,en,JT Riddle,Jon Pardi,Dirt On My Boots,MIA,Miami Marlins
2018-08-14,en,Yadiel Rivera,Miky Woodz,Antes de Morirme,MIA,Miami Marlins
2018-08-14,en,Miguel Rojas,J Balvin,Machika,MIA,Miami Marlins
2018-08-14,en,Miguel Rojas,Drake,God's Plan,MIA,Miami Marlins
2018-08-14,en,Caleb Smith,AC/DC,Thunderstruck,MIA,Miami Marlins
2018-08-14,,Drew Steckenrider,,,MIA,Miami Marlins
2018-08-14,en,Dan Straily,Imagine Dragons,Thunder,MIA,Miami Marlins
2018-08-14,,Junichi Tazawa,,,MIA,Miami Marlins
2018-08-14,,Jose Urena,,,MIA,Miami Marlins
2018-08-14,,Chad Wallach,,,MIA,Miami Marlins
2018-08-14,en,Jesus Aguilar,Cardi B,I Like It,MIL,Milwaukee Brewers
2018-08-14,en,Matt Albers,Rage Against The Machine,Sleep Now In the Fire,MIL,Milwaukee Brewers
2018-08-14,en,Chase Anderson,Jason Aldean,Lights Come On,MIL,Milwaukee Brewers
2018-08-14,en,Chase Anderson,Morgan Wallen,Up Down (feat. Florida Georgia Line),MIL,Milwaukee Brewers
2018-08-14,en,Orlando Arcia,Ozuna,Síguelo Bailando,MIL,Milwaukee Brewers
2018-08-14,en,Orlando Arcia,Nio Garcia,Te Boté - Remix,MIL,Milwaukee Brewers
2018-08-14,en,Jett Bandy,A$AP Rocky,Lord Pretty Flacko Jodye 2 (LPFJ2),MIL,Milwaukee Brewers
2018-08-14,en,Jacob Barnes,Brantley Gilbert,Bottoms Up,MIL,Milwaukee Brewers
2018-08-14,en,Ryan Braun,Drake,Talk Up (feat. Jay-Z),MIL,Milwaukee Brewers
2018-08-14,en,Keon Broxton,Drake,In My Feelings,MIL,Milwaukee Brewers
2018-08-14,en,Keon Broxton,Future,WIFI LIT,MIL,Milwaukee Brewers
2018-08-14,en,Lorenzo Cain,Three 6 Mafia,Poppin' My Collar,MIL,Milwaukee Brewers
2018-08-14,en,Jhoulys Chacin,Natti Natasha,Criminal,MIL,Milwaukee Brewers
2018-08-14,en,Jhoulys Chacin,Anitta,Downtown,MIL,Milwaukee Brewers
2018-08-14,en,Zach Davies,Run–D.M.C.,It's Tricky,MIL,Milwaukee Brewers
2018-08-14,en,Zach Davies,The Smashing Pumpkins,Bullet With Butterfly Wings - Remastered,MIL,Milwaukee Brewers
2018-08-14,en,Nick Franklin,Imagine Dragons,Whatever It Takes,MIL,Milwaukee Brewers
2018-08-14,en,Nick Franklin,OutKast,Rosa Parks - Radio Version,MIL,Milwaukee Brewers
2018-08-14,en,Junior Guerra,Tego Calderon,Cosa Buena,MIL,Milwaukee Brewers
2018-08-14,en,Josh Hader,Styx,Renegade,MIL,Milwaukee Brewers
2018-08-14,en,Jeremy Jeffress,Lil Wayne,Fireman - Album Version (Edited),MIL,Milwaukee Brewers
2018-08-14,en,Dan Jennings,KB,Here We Go,MIL,Milwaukee Brewers
2018-08-14,en,Corey Knebel,Joe Walsh,Rocky Mountain Way,MIL,Milwaukee Brewers
2018-08-14,en,Eric Kratz,Skillet,Collide,MIL,Milwaukee Brewers
2018-08-14,en,Wade Miley,Brooks & Dunn,Hillbilly Deluxe,MIL,Milwaukee Brewers
2018-08-14,en,Wade Miley,Craig Campbell,Growin' Up in the South,MIL,Milwaukee Brewers
2018-08-14,en,Mike Moustakas,Cypress Hill,(Rock) Superstar,MIL,Milwaukee Brewers
2018-08-14,en,Jacob Nottingham,Rihanna,Desperado,MIL,Milwaukee Brewers
2018-08-14,en,Nate Orf,Avicii,Heart Upon My Sleeve,MIL,Milwaukee Brewers
2018-08-14,en,Hernan Perez,Daddy Yankee,Zum Zum,MIL,Milwaukee Brewers
2018-08-14,en,Freddy Peralta,Liro Shaq,Pin Pon,MIL,Milwaukee Brewers
2018-08-14,en,Manny Pina,Mozart La Para,Bye Bye,MIL,Milwaukee Brewers
2018-08-14,en,Tyler Saladino,watt,Burning Man (with Post Malone),MIL,Milwaukee Brewers
2018-08-14,en,Domingo Santana,Le Magic,One Dancehall,MIL,Milwaukee Brewers
2018-08-14,en,Jonathan Schoop,Lil Baby,Yes Indeed,MIL,Milwaukee Brewers
2018-08-14,en,Travis Shaw,Rihanna,Talk That Talk,MIL,Milwaukee Brewers
2018-08-14,en,Joakim Soria,Guns N' Roses,Welcome To The Jungle,MIL,Milwaukee Brewers
2018-08-14,en,Brent Suter,John Williams,"Theme From Jurassic Park - From ""Jurassic Park"" Soundtrack",MIL,Milwaukee Brewers
2018-08-14,en,Brent Suter,Norman Greenbaum,Spirit In The Sky,MIL,Milwaukee Brewers
2018-08-14,en,Eric Thames,Five Finger Death Punch,Save Your Breath,MIL,Milwaukee Brewers
2018-08-14,en,Stephen Vogt,Skillet,Comatose,MIL,Milwaukee Brewers
2018-08-14,en,Taylor Williams,Kid Cudi,Alive (nightmare),MIL,Milwaukee Brewers
2018-08-14,en,Brandon Woodruff,Alabama,Dixieland Delight - Single Edit,MIL,Milwaukee Brewers
2018-08-14,en,Christian Yelich,Andre Nickatina,Jungle,MIL,Milwaukee Brewers
2018-08-14,en,Ehire Adrianza,Nicky Jam,X,MIN,Minnesota Twins
2018-08-14,en,Byron Buxton,Mark Morrison,Return Of The Mack,MIN,Minnesota Twins
2018-08-14,en,Jason Castro,DR. DRE,KEEP THEIR HEADS RINGIN',MIN,Minnesota Twins
2018-08-14,en,Logan Forsythe,Rage Against The Machine,"Bulls on Parade - Live at the Grand Olympic Auditorium, Los Angeles, CA - September 2000",MIN,Minnesota Twins
2018-08-14,en,Mitch Garver,STALLEY,CUT A RUG,MIN,Minnesota Twins
2018-08-14,en,Robbie Grossman,Imagine Dragons,Whatever It Takes,MIN,Minnesota Twins
2018-08-14,en,Max Kepler,ODESZA,How Did I Get Here,MIN,Minnesota Twins
2018-08-14,en,Ryan LaMarre,Morgan Wallen,Up Down (feat. Florida Georgia Line),MIN,Minnesota Twins
2018-08-14,en,Joe Mauer,T.I.,WHAT YOU KNOW,MIN,Minnesota Twins
2018-08-14,en,Logan Morrison,The Troggs,Wild Thing,MIN,Minnesota Twins
2018-08-14,en,Eddie Rosario,BAD BUNNY,CHAMBEA,MIN,Minnesota Twins
2018-08-14,en,Miguel Sano,EL ALFA,RAPUTIN,MIN,Minnesota Twins
2018-08-14,en,Tyler Austin,Blackstreet,No Diggity,NYY,New York Yankees
2018-08-14,en,Dellin Betances,Jay-Z,What More Can I Say?,NYY,New York Yankees
2018-08-14,en,Greg Bird,Lil Uzi Vert,20 Min,NYY,New York Yankees
2018-08-14,en,Aroldis Chapman,Rage Against The Machine,Wake Up - Remastered,NYY,New York Yankees
2018-08-14,en,A.J. Cole,The Lacs,Just Another Thing (feat. Crucifix),NYY,New York Yankees
2018-08-14,en,Brandon Drury,Matoma,Old Thing Back (feat. Ja Rule and Ralph Tresvant),NYY,New York Yankees
2018-08-14,en,Jacoby Ellsbury,Nelly,E.I.,NYY,New York Yankees
2018-08-14,en,Sonny Gray,Gyft,They Just Dont Know,NYY,New York Yankees
2018-08-14,en,Chad Green,Flipsyde,Someday,NYY,New York Yankees
2018-08-14,en,Didi Gregorius,The Notorious B.I.G.,Notorious B.I.G. (feat. Lil' Kim & Puff Daddy),NYY,New York Yankees
2018-08-14,en,Aaron Hicks,Mark Morrison,Return Of The Mack,NYY,New York Yankees
2018-08-14,en,Jonathan Holder,Frank Foster,Blue Collar Boys,NYY,New York Yankees
2018-08-14,en,Aaron Judge,DJ Khaled,Don't Quit (feat. Travis Scott & Jeremih),NYY,New York Yankees
2018-08-14,en,Tommy Kahnle,WWE,Glorious Domination (Bobby Roode),NYY,New York Yankees
2018-08-14,en,Billy McKinney,MAX,Home,NYY,New York Yankees
2018-08-14,en,Jordan Montgomery,BlocBoy JB,Look Alive (feat. Drake),NYY,New York Yankees
2018-08-14,en,David Robertson,Lynyrd Skynyrd,Sweet Home Alabama,NYY,New York Yankees
2018-08-14,en,Austin Romine,Led Zeppelin,Black Dog,NYY,New York Yankees
2018-08-14,en,CC Sabathia,The Notorious B.I.G.,Big Poppa,NYY,New York Yankees
2018-08-14,en,Gary Sanchez,Nicky Jam,X,NYY,New York Yankees
2018-08-14,en,Luis Severino,Don Omar,Guaya Guaya,NYY,New York Yankees
2018-08-14,en,Chasen Shreve,Fabolous,Breathe,NYY,New York Yankees
2018-08-14,en,Giancarlo Stanton,The Game,Ali Bomaye,NYY,New York Yankees
2018-08-14,en,Masahiro Tanaka,Momoiro Clover Z,Custom Song,NYY,New York Yankees
2018-08-14,en,Ronald Torreyes,J Balvin,Bonita,NYY,New York Yankees
2018-08-14,en,Tyler Wade,Future,No Cap,NYY,New York Yankees
2018-08-14,en,Neil Walker,Led Zeppelin,The Ocean,NYY,New York Yankees
2018-08-14,en,Tyler Bashlor,Arctic Monkeys,Do I Wanna Know?,NYM,New York Mets
2018-08-14,en,Jose Bautista,A$AP Ferg,New Level,NYM,New York Mets
2018-08-14,en,Jose Bautista,Young Money,Trophies,NYM,New York Mets
2018-08-14,en,Jose Bautista,Flo Rida,Good Feeling,NYM,New York Mets
2018-08-14,en,Jose Bautista,Usher,OMG,NYM,New York Mets
2018-08-14,en,Jerry Blevins,The Rolling Stones,Sympathy For The Devil,NYM,New York Mets
2018-08-14,en,Jay Bruce,Jay-Z,Public Service Anouncement,NYM,New York Mets
2018-08-14,en,Jay Bruce,Mase,Feels So Good,NYM,New York Mets
2018-08-14,en,Yoenis Cespedes,Jacob Forever,Quiéreme,NYM,New York Mets
2018-08-14,en,Michael Conforto,Drake,Nice For What,NYM,New York Mets
2018-08-14,en,Travis d'Arnaud,Dr. Dre,Still D.R.E.,NYM,New York Mets
2018-08-14,en,Jacob deGrom,Lynyrd Skynyrd,Simple Man,NYM,New York Mets
2018-08-14,en,Phillip Evans,Rae Sremmurd,CLOSE (feat. Travis Scott) - From SR3MM,NYM,New York Mets
2018-08-14,en,Wilmer Flores,The Rembrandts,I'll Be There For You (Theme From Friends) - Single Version,NYM,New York Mets
2018-08-14,en,Todd Frazier,Frank Sinatra,Fly Me To The Moon,NYM,New York Mets
2018-08-14,en,Robert Gsellman,Billy Squier,The Stroke - 2010 - Remaster,NYM,New York Mets
2018-08-14,en,Robert Gsellman,Kendrick Lamar,HUMBLE.,NYM,New York Mets
2018-08-14,en,Luis Guillorme,Stories,Brother Louie,NYM,New York Mets
2018-08-14,en,Juan Lagares,Lirico En La Casa,Prendi (feat. El Mayor Clasico),NYM,New York Mets
2018-08-14,en,Seth Lugo,Megadeth,Angry Again,NYM,New York Mets
2018-08-14,en,Seth Lugo,Pantera,5 Minutes Alone,NYM,New York Mets
2018-08-14,en,Steven Matz,Lynyrd Skynyrd,Call Me The Breeze,NYM,New York Mets
2018-08-14,en,Jeff McNeil,Def Leppard,Rock Of Ages,NYM,New York Mets
2018-08-14,en,Devin Mesoraco,Lee Brice,Boy,NYM,New York Mets
2018-08-14,en,Tomas Nido,Cardi B,I Like It,NYM,New York Mets
2018-08-14,en,Brandon Nimmo,Hillsong United,So Will I (100 Billion X),NYM,New York Mets
2018-08-14,en,Brandon Nimmo,Zach Williams,Fear Is a Liar,NYM,New York Mets
2018-08-14,en,Corey Oswalt,Mötley Crüe,Kickstart My Heart,NYM,New York Mets
2018-08-14,en,Tim Peterson,Rebelution,Celebrate,NYM,New York Mets
2018-08-14,en,Kevin Plawecki,BlocBoy JB,Look Alive (feat. Drake),NYM,New York Mets
2018-08-14,en,Kevin Plawecki,Miguel,Sky Walker,NYM,New York Mets
2018-08-14,en,AJ Ramos,Kanye West,POWER,NYM,New York Mets
2018-08-14,en,Jose Reyes,Bad Bunny,Estamos Bien,NYM,New York Mets
2018-08-14,en,Jacob Rhame,Weezer,Island In The Sun,NYM,New York Mets
2018-08-14,en,T.J. Rivera,Lord Tariq,Déjà Vu (Uptown Baby),NYM,New York Mets
2018-08-14,en,Amed Rosario,Musicologo The Libro,Bum Bam Ven,NYM,New York Mets
2018-08-14,en,Paul Sewald,Le Castle Vania,John Wick Mode,NYM,New York Mets
2018-08-14,en,Dominic Smith,Future & Young Thug,All da Smoke,NYM,New York Mets
2018-08-14,en,Dominic Smith,Travis Scott,BUTTERFLY EFFECT,NYM,New York Mets
2018-08-14,en,Dominic Smith,Lil Uzi Vert,Sauce It Up,NYM,New York Mets
2018-08-14,en,Drew Smith,Pat Green,Wave on Wave,NYM,New York Mets
2018-08-14,en,Anthony Swarzak,Audioslave,Cochise,NYM,New York Mets
2018-08-14,en,Noah Syndergaard,Trans-Siberian Orchestra,Carmina Burana,NYM,New York Mets
2018-08-14,en,Noah Syndergaard,Led Zeppelin,Immigrant Song,NYM,New York Mets
2018-08-14,en,Jason Vargas,Van Halen,Panama - 2015 Remastered Version,NYM,New York Mets
2018-08-14,en,Zack Wheeler,Audioslave,Cochise,NYM,New York Mets
2018-08-14,en,Zack Wheeler,OutKast,SpottieOttieDopaliscious,NYM,New York Mets
2018-08-14,en,Franklin Barreto,"Arcangel, Bad Bunny",Tu No Vive Asi (feat. Mambo Kingz & DJ Luian),OAK,Oakland Athletics
2018-08-14,en,Chris Bassitt,Eric Church,The Outsiders,OAK,Oakland Athletics
2018-08-14,en,Ryan Buchter,Johnny Cash,God's Gonna Cut You Down,OAK,Oakland Athletics
2018-08-14,en,Mark Canha,G-Eazy,Calm Down,OAK,Oakland Athletics
2018-08-14,en,Matt Chapman,Kodak Black,Codeine Dreaming (feat. Lil Wayne),OAK,Oakland Athletics
2018-08-14,en,Jharel Cotton,Chris Brown,Pills & Automobiles,OAK,Oakland Athletics
2018-08-14,en,Daniel Coulombe,NF,Warm Up,OAK,Oakland Athletics
2018-08-14,en,Khris Davis,2Pac,Ballad Of A Dead Soulja - Album Version (Edited),OAK,Oakland Athletics
2018-08-14,en,Ryan Dull,Linkin Park,No More Sorrow,OAK,Oakland Athletics
2018-08-14,en,Mike Fiers,Charlie Clouser,Hello Zepp + Overture,OAK,Oakland Athletics
2018-08-14,en,Dustin Fowler,Jetta,I'd Love To Change The World - Matstubs Remix,OAK,Oakland Athletics
2018-08-14,en,Kendall Graveman,Lynyrd Skynyrd,Sweet Home Alabama,OAK,Oakland Athletics
2018-08-14,en,Daniel Gossett,Drake,Uptown - Album Version (Edited),OAK,Oakland Athletics
2018-08-14,,Chris Hatcher,,,OAK,Oakland Athletics
2018-08-14,en,Liam Hendriks,AC/DC,Back In Black,OAK,Oakland Athletics
2018-08-14,en,Matt Joyce,BlocBoy JB,Look Alive (feat. Drake),OAK,Oakland Athletics
2018-08-14,en,Jed Lowrie,Rush,Tom Sawyer,OAK,Oakland Athletics
2018-08-14,en,Jonathan Lucroy,Five Finger Death Punch,Gone Away,OAK,Oakland Athletics
2018-08-14,en,Sean Manaea,Birdy,Keeping Your Head Up - Don Diablo Remix [Radio Edit],OAK,Oakland Athletics
2018-08-14,en,Bruce Maxwell,Rae Sremmurd,Powerglide (feat. Juicy J),OAK,Oakland Athletics
2018-08-14,en,Daniel Mengden,Colter Wall,Sleeping on the Blacktop,OAK,Oakland Athletics
2018-08-14,en,Frankie Montas,Tribal Seeds,Vampire - Feat. Whiteboy John,OAK,Oakland Athletics
2018-08-14,en,Matt Olson,"Huncho Jack, Travis Scott, Quavo",Saint,OAK,Oakland Athletics
2018-08-14,en,Emilio Pagan,Skillet,Hero,OAK,Oakland Athletics
2018-08-14,en,Josh Phegley,Trivium,Until The World Goes Cold,OAK,Oakland Athletics
2018-08-14,en,Chad Pinder,Warren G,Regulate,OAK,Oakland Athletics
2018-08-14,en,Stephen Piscotty,Justin Timberlake,Say Something,OAK,Oakland Athletics
2018-08-14,en,Boog Powell,Skip Marley,Calm Down,OAK,Oakland Athletics
2018-08-14,en,Boog Powell,Drake,God's Plan,OAK,Oakland Athletics
2018-08-14,en,Marcus Semien,Swoope,All the Time,OAK,Oakland Athletics
2018-08-14,en,Marcus Semien,ScHoolboy Q,X (with 2 Chainz & Saudi),OAK,Oakland Athletics
2018-08-14,en,Jake Smolinski,The Rolling Stones,Gimme Shelter,OAK,Oakland Athletics
2018-08-14,en,Blake Treinen,Eric Church,The Outsiders,OAK,Oakland Athletics
2018-08-14,en,Andrew Triggs,Led Zeppelin,Rock And Roll,OAK,Oakland Athletics
2018-08-14,en,Jorge Alfaro,Toño Rosario,Dale Vieja Dale,PHI,Philadelphia Phillies
2018-08-14,en,Aaron Altherr,Elevation Worship,Do It Again,PHI,Philadelphia Phillies
2018-08-14,en,Jake Arrieta,Rob Dougan,Clubbed To Death - Kurayamino Variation,PHI,Philadelphia Phillies
2018-08-14,en,J.P. Crawford,Zero,Ric Flair Drip,PHI,Philadelphia Phillies
2018-08-14,en,J.P. Crawford,Playboi Carti,wokeuplikethis*,PHI,Philadelphia Phillies
2018-08-14,en,Zach Eflin,Lynyrd Skynyrd,Free Bird,PHI,Philadelphia Phillies
2018-08-14,en,Pedro Florimon,Tercer Cielo,Creere,PHI,Philadelphia Phillies
2018-08-14,en,Maikel Franco,"Secreto ""El Famoso Biberon""",Mi Cumpleaño,PHI,Philadelphia Phillies
2018-08-14,en,Cesar Hernandez,Julio Melgar,Creo En Ti,PHI,Philadelphia Phillies
2018-08-14,en,Cesar Hernandez,Un Solo Pueblo,Viva Venezuela,PHI,Philadelphia Phillies
2018-08-14,en,Odubel Herrera,Felipe Peláez,Mi Celosa Hermosa,PHI,Philadelphia Phillies
2018-08-14,en,Rhys Hoskins,Calvin Harris,Slide,PHI,Philadelphia Phillies
2018-08-14,en,Tommy Hunter,Kevin Gates,Again,PHI,Philadelphia Phillies
2018-08-14,en,Scott Kingery,DJ Kool,Let Me Clear My Throat - Old School Reunion Remix '96,PHI,Philadelphia Phillies
2018-08-14,en,Andrew Knapp,Flume,Holdin On,PHI,Philadelphia Phillies
2018-08-14,en,Adam Morgan,Jason Aldean,My Kinda Party,PHI,Philadelphia Phillies
2018-08-14,en,Aaron Nola,Newsboys,I Am Second,PHI,Philadelphia Phillies
2018-08-14,en,Nick Pivetta,Audioslave,Show Me How to Live,PHI,Philadelphia Phillies
2018-08-14,en,Nick Pivetta,Two Feet,Go F* Yourself,PHI,Philadelphia Phillies
2018-08-14,en,Carlos Santana,El Mayor Clasico,Ven Meneate - Remix,PHI,Philadelphia Phillies
2018-08-14,en,Jesmuel Valentin,Amenazzy,Solo,PHI,Philadelphia Phillies
2018-08-14,en,Vince Velasquez,G-Eazy,Random,PHI,Philadelphia Phillies
2018-08-14,en,Nick Williams,Logic,Hallelujah,PHI,Philadelphia Phillies
2018-08-14,en,Nick Williams,Jagged Edge,Where the Party At,PHI,Philadelphia Phillies
2018-08-14,en,Chris Archer,Wiz Khalifa,We Dem Boyz,PIT,Pittsburgh Pirates
2018-08-14,en,Josh Bell,Big Sean,Pull Up N Wreck (& Metro Boomin),PIT,Pittsburgh Pirates
2018-08-14,en,Josh Bell,Kanye West,Father Stretch My Hands Pt. 1,PIT,Pittsburgh Pirates
2018-08-14,en,Josh Bell,The Weeknd,Losers,PIT,Pittsburgh Pirates
2018-08-14,en,Francisco Cervelli,Dean Martin,That's Amore,PIT,Pittsburgh Pirates
2018-08-14,en,Elias Diaz,Christian Lopez,La Mejor Bendición,PIT,Pittsburgh Pirates
2018-08-14,en,Corey Dickerson,Jeremy Camp,Take My Life,PIT,Pittsburgh Pirates
2018-08-14,en,Adam Frazier,Ginuwine,Pony,PIT,Pittsburgh Pirates
2018-08-14,en,David Freese,Gary Clark Jr.,Catfish Blues - Live,PIT,Pittsburgh Pirates
2018-08-14,en,Josh Harrison,Big Sean,Go Legend (& Metro Boomin),PIT,Pittsburgh Pirates
2018-08-14,en,Nick Kingham,DJ Kool,Let Me Clear My Throat,PIT,Pittsburgh Pirates
2018-08-14,en,Nick Kingham,J. Cole,G.O.M.D.,PIT,Pittsburgh Pirates
2018-08-14,en,Chad Kuhl,Luke Combs,Out There,PIT,Pittsburgh Pirates
2018-08-14,en,Chad Kuhl,Imagine Dragons,Whatever It Takes,PIT,Pittsburgh Pirates
2018-08-14,en,Jordy Mercer,Miguel,Sky Walker,PIT,Pittsburgh Pirates
2018-08-14,en,Colin Moran,NEEDTOBREATHE,Washed By The Water,PIT,Pittsburgh Pirates
2018-08-14,en,Max Moroff,Illenium,It's All on U - T-Mass & LZRD Remix,PIT,Pittsburgh Pirates
2018-08-14,en,Joe Musgrove,Tribal Seeds,Vampire - Feat. Whiteboy John,PIT,Pittsburgh Pirates
2018-08-14,en,Joe Musgrove,Jay Z,Moment of Clarity,PIT,Pittsburgh Pirates
2018-08-14,en,Ivan Nova,Anthony Santos,Marta La Reina (En Vivo - Version),PIT,Pittsburgh Pirates
2018-08-14,en,Gregory Polanco,El Alfa,Los Patrones,PIT,Pittsburgh Pirates
2018-08-14,en,Gregory Polanco,Lil Uzi Vert,Sauce It Up,PIT,Pittsburgh Pirates
2018-08-14,en,Gregory Polanco,Rich The Kid,Plug Walk,PIT,Pittsburgh Pirates
2018-08-14,en,Gregory Polanco,Miky Woodz feat. Bad Bunny,Estamos Clear,PIT,Pittsburgh Pirates
2018-08-14,en,Sean Rodriguez,Juan Luis Guerra 4.40,Soldado,PIT,Pittsburgh Pirates
2018-08-14,en,Jameson Taillon,Led Zeppelin,When The Levee Breaks,PIT,Pittsburgh Pirates
2018-08-14,en,Jameson Taillon,Disclosure,You & Me - Flume Remix,PIT,Pittsburgh Pirates
2018-08-14,en,Felipe Vazquez,Marc Anthony,Aguanile,PIT,Pittsburgh Pirates
2018-08-14,en,Trevor Williams,Tool,No Jambi,PIT,Pittsburgh Pirates
2018-08-14,en,Trevor Williams,Pearl Jam,Evenflow,PIT,Pittsburgh Pirates
2018-08-14,en,Alex Colome,Don Omar,Callejero,SEA,Seattle Mariners
2018-08-14,en,Nelson Cruz,Kunin,Deja Tu Envidia,SEA,Seattle Mariners
2018-08-14,en,Edwin Diaz,Blasterjaxx,Narco,SEA,Seattle Mariners
2018-08-14,en,Edwin Diaz,Steve Aoki,"Azukita (Steve Aoki, Daddy Yankee, Play-N-Skillz & Elvis Crespo)",SEA,Seattle Mariners
2018-08-14,en,David Freitas,Montgomery Gentry,Gone,SEA,Seattle Mariners
2018-08-14,en,Dee Gordon,Lil Uzi Vert,Neon Guts (feat. Pharrell Williams),SEA,Seattle Mariners
2018-08-14,en,Mitch Haniger,Fabolous,Breathe,SEA,Seattle Mariners
2018-08-14,en,Ryon Healy,Flume,On Top (feat. T-Shirt),SEA,Seattle Mariners
2018-08-14,en,Ryon Healy,Cardi B,I Like It,SEA,Seattle Mariners
2018-08-14,en,Guillermo Heredia,Desiguales,La Contestadora,SEA,Seattle Mariners
2018-08-14,en,Felix Hernandez,James Meyers,I Am The King - Original Mix,SEA,Seattle Mariners
2018-08-14,en,Chris Herrmann,Logic,Flexicution,SEA,Seattle Mariners
2018-08-14,en,Cameron Maybin,2 Chainz,PROUD,SEA,Seattle Mariners
2018-08-14,en,Mike Morin,Eminem,'Till I Collapse,SEA,Seattle Mariners
2018-08-14,en,Andrew Romine,Kaleo,No Good,SEA,Seattle Mariners
2018-08-14,en,Kyle Seager,Jason Aldean,They Don't Know,SEA,Seattle Mariners
2018-08-14,en,Jean Segura,Bulova,El Sonido Pesa,SEA,Seattle Mariners
2018-08-14,en,Jean Segura,El Alfa,Suave,SEA,Seattle Mariners
2018-08-14,en,Denard Span,Chris Brown,Pills & Automobiles,SEA,Seattle Mariners
2018-08-14,en,Denard Span,Juvenile,400 Degreez,SEA,Seattle Mariners
2018-08-14,en,Sam Tuivailala,Don Miguelo,Nota de Pasión,SEA,Seattle Mariners
2018-08-14,en,Adam Warren,Def Leppard,Pour Some Sugar On Me,SEA,Seattle Mariners
2018-08-14,en,Mike Zunino,Chris Stapleton,Parachute,SEA,Seattle Mariners
2018-08-14,en,Harrison Bader,Chris Brown,Pills & Automobiles,STL,St. Louis Cardinals
2018-08-14,en,Matt Bowman,Lil Wayne,Believe Me,STL,St. Louis Cardinals
2018-08-14,en,Matt Carpenter,Turnpike Troubadours,Long Hot Summer Day,STL,St. Louis Cardinals
2018-08-14,en,Brett Cecil,Tool,Sober,STL,St. Louis Cardinals
2018-08-14,en,Paul DeJong,Judas Priest,You've Got Another Thing Coming,STL,St. Louis Cardinals
2018-08-14,en,Dexter Fowler,Drake,Jumpman,STL,St. Louis Cardinals
2018-08-14,en,Dexter Fowler,BlocBoy JB,Shoot,STL,St. Louis Cardinals
2018-08-14,en,Greg Garcia,Fabolous,My Time,STL,St. Louis Cardinals
2018-08-14,en,Luke Gregerson,Volbeat,Dead But Rising,STL,St. Louis Cardinals
2018-08-14,en,Jedd Gyorko,Jon Pardi,Dirt On My Boots,STL,St. Louis Cardinals
2018-08-14,en,Dominic Leone,Faith,Devour The Day,STL,St. Louis Cardinals
2018-08-14,en,Carlos Martinez,El Mayor Clasico,Los Niños Malos (feat. Ceky Vicini),STL,St. Louis Cardinals
2018-08-14,en,Jose Martinez,Ozuna,Síguelo Bailando,STL,St. Louis Cardinals
2018-08-14,en,Jose Martinez,Round Table Knights,Calypso,STL,St. Louis Cardinals
2018-08-14,en,Miles Mikolas,Led Zeppelin,When The Levee Breaks,STL,St. Louis Cardinals
2018-08-14,en,Yadier Molina,Jon Z,Viajo Sin Ver - Bonus Track,STL,St. Louis Cardinals
2018-08-14,en,Yairo Munoz,Arcangel,Rojo,STL,St. Louis Cardinals
2018-08-14,en,Bud Norris,Nas,Hero,STL,St. Louis Cardinals
2018-08-14,en,Marcell Ozuna,Bad Bunny,"Tu No Metes Cabra Remix (feat. Daddy Yankee, Anuel AA & Cosculluela)",STL,St. Louis Cardinals
2018-08-14,en,Marcell Ozuna,El Alfa,Suave,STL,St. Louis Cardinals
2018-08-14,en,Marcell Ozuna,El Alfa,Raputin,STL,St. Louis Cardinals
2018-08-14,en,Alex Reyes,Chance the Rapper,No Problem (feat. Lil Wayne & 2 Chainz),STL,St. Louis Cardinals
2018-08-14,en,Michael Wacha,Russ,What They Want,STL,St. Louis Cardinals
2018-08-14,en,Adam Wainwright,Alabama,Song of the South,STL,St. Louis Cardinals
2018-08-14,en,Luke Weaver,NEEDTOBREATHE,Multiplied,STL,St. Louis Cardinals
2018-08-14,en,Kolten Wong,Landon McNamara,I Do What I Do,STL,St. Louis Cardinals
2018-08-14,en,Elvis Andrus,Enrique Iglesias,EL BAÑO,TEX,Texas Rangers
2018-08-14,en,Elvis Andrus,Reik,Me Niego,TEX,Texas Rangers
2018-08-14,,Tony Barnette,,,TEX,Texas Rangers
2018-08-14,en,Adrian Beltre,Wilo D New,Menea Tu Chapa,TEX,Texas Rangers
2018-08-14,en,Adrian Beltre,Los Teke Teke,El Teke Teke,TEX,Texas Rangers
2018-08-14,en,Matt Bush,Lil Wayne,Fireman - Album Version (Edited),TEX,Texas Rangers
2018-08-14,en,Eddie Butler,Jon Pardi,Dirt On My Boots,TEX,Texas Rangers
2018-08-14,en,Robinson Chirinos,Planetshakers,Nothing Is Impossible,TEX,Texas Rangers
2018-08-14,,Shin-Soo Choo,,,TEX,Texas Rangers
2018-08-14,en,Alex Claudio,"Bad Bunny, El Alfa",Dema Ga Ge Gi Go Gu,TEX,Texas Rangers
2018-08-14,en,Delino DeShields,Maze,Before I Let Go (feat. Frankie Beverly) [2004 - Remastered],TEX,Texas Rangers
2018-08-14,en,Delino DeShields,Jagged Edge,Where the Party At,TEX,Texas Rangers
2018-08-14,en,Delino DeShields,Famous Dex,Pick It Up (feat. A$AP Rocky),TEX,Texas Rangers
2018-08-14,en,Delino DeShields,50 Cent,P.I.M.P.,TEX,Texas Rangers
2018-08-14,en,Doug Fister,Luke Bryan,Country Girl (Shake It For Me),TEX,Texas Rangers
2018-08-14,en,Joey Gallo,Ozuna,Solita,TEX,Texas Rangers
2018-08-14,en,Joey Gallo,Jason Aldean,They Don't Know,TEX,Texas Rangers
2018-08-14,en,Joey Gallo,Kendrick Lamar,Big Shot (with Travis Scott),TEX,Texas Rangers
2018-08-14,en,Joey Gallo,Blackstreet,No Diggity,TEX,Texas Rangers
2018-08-14,en,Cory Gearrin,Gary Clark Jr.,Come Together,TEX,Texas Rangers
2018-08-14,en,Jose Leclerc,Marcos Yaroide,Todo Se Lo Debo a El,TEX,Texas Rangers
2018-08-14,en,Chris Martin,Eric Church,Give Me Back My Hometown,TEX,Texas Rangers
2018-08-14,en,Nomar Mazara,"Secreto ""El Famoso Biberon""",Mi Cumpleaño,TEX,Texas Rangers
2018-08-14,en,Nomar Mazara,BlocBoy JB,Look Alive (feat. Drake),TEX,Texas Rangers
2018-08-14,en,Mike Minor,Rob Bailey & The Hustle Standard,What I Live For,TEX,Texas Rangers
2018-08-14,en,Matt Moore,Metallica,King Nothing,TEX,Texas Rangers
2018-08-14,en,Rougned Odor,Rich The Kid,Plug Walk,TEX,Texas Rangers
2018-08-14,en,Rougned Odor,Murda,Culé,TEX,Texas Rangers
2018-08-14,,Martin Perez,,,TEX,Texas Rangers
2018-08-14,en,Jurickson Profar,Bad Bunny,Chambea,TEX,Texas Rangers
2018-08-14,en,Drew Robinson,French Montana,Black Out,TEX,Texas Rangers
2018-08-14,en,Drew Robinson,Jay Z,Big Pimpin' (feat. UGK),TEX,Texas Rangers
2018-08-14,en,Ryan Rua,Yelawolf,Let's Roll,TEX,Texas Rangers
2018-08-14,en,Ryan Rua,ScHoolboy Q,X (with 2 Chainz & Saudi),TEX,Texas Rangers
2018-08-14,en,Carlos Tocci,Piso 21,Déjala Que Vuelva (feat. Manuel Turizo),TEX,Texas Rangers
2018-08-14,en,Danny Barnes,Foo Fighters,Everlong,TOR,Toronto Blue Jays
2018-08-14,en,Joe Biagini,Supertramp,Goodbye Stranger - 2010 Remastered,TOR,Toronto Blue Jays
2018-08-14,en,Tyler Clippard,Fugees,Ready or Not,TOR,Toronto Blue Jays
2018-08-14,en,Aledmys Diaz,Celia Cruz,Rie y Llora,TOR,Toronto Blue Jays
2018-08-14,en,Josh Donaldson,2Pac,Hail Mary,TOR,Toronto Blue Jays
2018-08-14,en,Marco Estrada,Drowning Pool,Bodies,TOR,Toronto Blue Jays
2018-08-14,en,Jaime Garcia,La Arrolladora Banda El Limón De Rene Camacho,Sabor Al Caldo,TOR,Toronto Blue Jays
2018-08-14,en,Sam Gaviglio,Modest Mouse,Lampshades on Fire,TOR,Toronto Blue Jays
2018-08-14,en,Curtis Granderson,Cameo,Word Up,TOR,Toronto Blue Jays
2018-08-14,en,Randal Grichuk,Nelly,Here Comes the Boom,TOR,Toronto Blue Jays
2018-08-14,en,Teoscar Hernandez,Don Omar,Zumba,TOR,Toronto Blue Jays
2018-08-14,en,Aaron Loup,Eric Church,The Outsiders,TOR,Toronto Blue Jays
2018-08-14,en,Luke Maile,Led Zeppelin,Kashmir,TOR,Toronto Blue Jays
2018-08-14,en,Russell Martin,Mase,Feel So Good,TOR,Toronto Blue Jays
2018-08-14,en,Tim Mayza,Avenged Sevenfold,Hail to the King,TOR,Toronto Blue Jays
2018-08-14,en,Kendrys Morales,Yomil y El Dany,Yo Lo Se,TOR,Toronto Blue Jays
2018-08-14,en,Kendrys Morales,AC/DC,T.N.T.,TOR,Toronto Blue Jays
2018-08-14,en,Jake Petricka,Foo Fighters,The Pretender,TOR,Toronto Blue Jays
2018-08-14,en,Kevin Pillar,Billy Currington,Don't It,TOR,Toronto Blue Jays
2018-08-14,en,Dalton Pompey,C-Murder,Down For My N's,TOR,Toronto Blue Jays
2018-08-14,en,Aaron Sanchez,Nipsey Hussle,Hussle & Motivate,TOR,Toronto Blue Jays
2018-08-14,en,Justin Smoak,Brantley Gilbert,The Weekend,TOR,Toronto Blue Jays
2018-08-14,en,Yangervis Solarte,Charly Black,Gyal You A Party Animal,TOR,Toronto Blue Jays
2018-08-14,en,Yangervis Solarte,Nicky Jam,X,TOR,Toronto Blue Jays
2018-08-14,en,Marcus Stroman,J. Cole,ATM,TOR,Toronto Blue Jays
2018-08-14,en,Ryan Tepera,Metallica,For Whom The Bell Tolls (Live),TOR,Toronto Blue Jays
2018-08-14,en,Devon Travis,Post Malone,Ball For Me (feat. Nicki Minaj),TOR,Toronto Blue Jays
2018-08-14,en,Gio Urshela,Building 429,Where I Belong,TOR,Toronto Blue Jays
